alpha,avg_rmse
0.1,0.5729011841567908
0.3,0.5150206149222785
0.5,0.6139518127253895
0.7,0.6774976064715462
