raw_x_std,raw_y_std,filtered_x_std,filtered_y_std,improve_x,improve_y
2.5040626472233196,1.2282834185923925,1.6680672446503746,0.7402822417536246,0.835995402572945,0.488001176838768
