raw_x_std,raw_y_std,filtered_x_std,filtered_y_std,improve_x,improve_y,rmse_raw,rmse_filtered,rmse_improve
0.8724293290342885,0.809997463421933,0.34440476874797293,0.37548701836511017,0.5280245602863156,0.43451044505682285,1.1247430976129258,1.1791275016826694,-0.05438440406974365
