x_std,y_std
3.1503142773547124,1.679541767591175
