raw_x_std,raw_y_std,filtered_x_std,filtered_y_std,improve_x,improve_y
2.2422631428003603,1.22761788276806,1.485129397544173,0.7961779429941276,0.7571337452561873,0.43143993977393236
