raw_x_std,raw_y_std,filtered_x_std,filtered_y_std,improve_x,improve_y,rmse_raw,rmse_filtered,rmse_improve
0.7687854737805725,0.3874838782858359,0.3142815993371786,0.15134716998501424,0.4545038744433939,0.23613670830082167,0.8250958823744401,0.3972746134542214,0.4278212689202187
