raw_x_std,raw_y_std,filtered_x_std,filtered_y_std,improve_x,improve_y,rmse_raw,rmse_filtered,rmse_improve
0.8166912422355436,0.5647289331065511,0.41073502905407744,0.38336785561385023,0.40595621318146613,0.18136107749270092,1.0400753668227969,0.6813721962478566,0.3587031705749403
