raw_x_std,raw_y_std,filtered_x_std,filtered_y_std,improve_x,improve_y,rmse_raw,rmse_filtered,rmse_improve
0.7688961226190215,0.7320774190134585,0.4503820557258416,0.28646756379767035,0.3185140668931799,0.4456098552157881,0.961171656071457,0.5048610203109952,0.4563106357604618
