raw_x_std,raw_y_std,filtered_x_std,filtered_y_std,improve_x,improve_y,rmse_raw,rmse_filtered,rmse_improve
0.6896139357636046,0.6236318646241222,0.4527223623039649,0.4738944319557954,0.23689157345963974,0.14973743266832684,0.8810060929265037,0.6036857666292734,0.27732032629723025
