x_std,y_std
7.113787000499254,3.5471144276968625
